[{"model": "admin.logentry", "pk": 1, "fields": {"action_time": "2021-03-28T18:49:43.976Z", "user": 1, "content_type": 7, "object_id": "1", "object_repr": "k9kit.example.com", "action_flag": 2, "change_message": "[{\"changed\": {\"fields\": [\"Domain name\", \"Display name\"]}}]"}}, {"model": "admin.logentry", "pk": 2, "fields": {"action_time": "2021-03-28T19:02:32.742Z", "user": 1, "content_type": 8, "object_id": "2", "object_repr": "pedorri@yahoo.co.uk", "action_flag": 1, "change_message": "[{\"added\": {}}]"}}, {"model": "admin.logentry", "pk": 3, "fields": {"action_time": "2021-04-11T22:15:25.121Z", "user": 1, "content_type": 14, "object_id": "1", "object_repr": "toys", "action_flag": 1, "change_message": "[{\"added\": {}}]"}}, {"model": "admin.logentry", "pk": 4, "fields": {"action_time": "2021-04-11T22:15:50.533Z", "user": 1, "content_type": 14, "object_id": "2", "object_repr": "clothing", "action_flag": 1, "change_message": "[{\"added\": {}}]"}}, {"model": "admin.logentry", "pk": 5, "fields": {"action_time": "2021-04-11T22:16:02.893Z", "user": 1, "content_type": 14, "object_id": "3", "object_repr": "accessories", "action_flag": 1, "change_message": "[{\"added\": {}}]"}}, {"model": "admin.logentry", "pk": 6, "fields": {"action_time": "2021-04-11T22:16:15.967Z", "user": 1, "content_type": 14, "object_id": "4", "object_repr": "tops", "action_flag": 1, "change_message": "[{\"added\": {}}]"}}, {"model": "admin.logentry", "pk": 7, "fields": {"action_time": "2021-04-11T22:16:21.002Z", "user": 1, "content_type": 14, "object_id": "5", "object_repr": "bottoms", "action_flag": 1, "change_message": "[{\"added\": {}}]"}}, {"model": "admin.logentry", "pk": 8, "fields": {"action_time": "2021-04-11T22:16:27.874Z", "user": 1, "content_type": 14, "object_id": "6", "object_repr": "hoodies", "action_flag": 1, "change_message": "[{\"added\": {}}]"}}, {"model": "admin.logentry", "pk": 9, "fields": {"action_time": "2021-04-11T22:16:41.485Z", "user": 1, "content_type": 14, "object_id": "7", "object_repr": "hats", "action_flag": 1, "change_message": "[{\"added\": {}}]"}}, {"model": "admin.logentry", "pk": 10, "fields": {"action_time": "2021-04-11T22:16:48.111Z", "user": 1, "content_type": 14, "object_id": "8", "object_repr": "sunglasses", "action_flag": 1, "change_message": "[{\"added\": {}}]"}}, {"model": "admin.logentry", "pk": 11, "fields": {"action_time": "2021-04-11T22:16:55.738Z", "user": 1, "content_type": 14, "object_id": "9", "object_repr": "bandanas", "action_flag": 1, "change_message": "[{\"added\": {}}]"}}, {"model": "admin.logentry", "pk": 12, "fields": {"action_time": "2021-04-11T22:16:57.940Z", "user": 1, "content_type": 14, "object_id": "9", "object_repr": "bandanas", "action_flag": 2, "change_message": "[]"}}, {"model": "admin.logentry", "pk": 13, "fields": {"action_time": "2021-04-11T22:29:01.676Z", "user": 1, "content_type": 13, "object_id": "1", "object_repr": "White Sunglasses", "action_flag": 1, "change_message": "[{\"added\": {}}]"}}, {"model": "admin.logentry", "pk": 14, "fields": {"action_time": "2021-04-11T22:56:09.779Z", "user": 1, "content_type": 13, "object_id": "2", "object_repr": "Red Beret", "action_flag": 1, "change_message": "[{\"added\": {}}]"}}, {"model": "admin.logentry", "pk": 15, "fields": {"action_time": "2021-04-11T23:05:22.225Z", "user": 1, "content_type": 13, "object_id": "3", "object_repr": "Yellow Beanie", "action_flag": 1, "change_message": "[{\"added\": {}}]"}}, {"model": "admin.logentry", "pk": 16, "fields": {"action_time": "2021-04-11T23:41:33.931Z", "user": 1, "content_type": 13, "object_id": "4", "object_repr": "Pink Party Hat", "action_flag": 1, "change_message": "[{\"added\": {}}]"}}, {"model": "admin.logentry", "pk": 17, "fields": {"action_time": "2021-04-11T23:42:49.558Z", "user": 1, "content_type": 13, "object_id": "5", "object_repr": "Christmas Hat", "action_flag": 1, "change_message": "[{\"added\": {}}]"}}, {"model": "admin.logentry", "pk": 18, "fields": {"action_time": "2021-04-11T23:44:18.947Z", "user": 1, "content_type": 13, "object_id": "6", "object_repr": "Elf Hat", "action_flag": 1, "change_message": "[{\"added\": {}}]"}}, {"model": "admin.logentry", "pk": 19, "fields": {"action_time": "2021-04-11T23:45:44.168Z", "user": 1, "content_type": 13, "object_id": "7", "object_repr": "Reindeer Antlers", "action_flag": 1, "change_message": "[{\"added\": {}}]"}}, {"model": "admin.logentry", "pk": 20, "fields": {"action_time": "2021-04-11T23:47:57.560Z", "user": 1, "content_type": 13, "object_id": "8", "object_repr": "Star Bandana", "action_flag": 1, "change_message": "[{\"added\": {}}]"}}, {"model": "admin.logentry", "pk": 21, "fields": {"action_time": "2021-04-11T23:49:58.934Z", "user": 1, "content_type": 13, "object_id": "9", "object_repr": "Pawprint and Bones Bandana", "action_flag": 1, "change_message": "[{\"added\": {}}]"}}, {"model": "admin.logentry", "pk": 22, "fields": {"action_time": "2021-04-11T23:51:02.546Z", "user": 1, "content_type": 13, "object_id": "10", "object_repr": "Yellow Bandana", "action_flag": 1, "change_message": "[{\"added\": {}}]"}}, {"model": "admin.logentry", "pk": 23, "fields": {"action_time": "2021-04-30T18:02:25.542Z", "user": 1, "content_type": 13, "object_id": "10", "object_repr": "Yellow Bandana", "action_flag": 2, "change_message": "[{\"changed\": {\"fields\": [\"Category\"]}}]"}}, {"model": "admin.logentry", "pk": 24, "fields": {"action_time": "2021-04-30T18:02:51.334Z", "user": 1, "content_type": 13, "object_id": "7", "object_repr": "Reindeer Antlers", "action_flag": 2, "change_message": "[{\"changed\": {\"fields\": [\"Category\"]}}]"}}, {"model": "admin.logentry", "pk": 25, "fields": {"action_time": "2021-04-30T18:03:00.504Z", "user": 1, "content_type": 13, "object_id": "6", "object_repr": "Elf Hat", "action_flag": 2, "change_message": "[{\"changed\": {\"fields\": [\"Category\"]}}]"}}, {"model": "admin.logentry", "pk": 26, "fields": {"action_time": "2021-04-30T18:03:06.736Z", "user": 1, "content_type": 13, "object_id": "5", "object_repr": "Christmas Hat", "action_flag": 2, "change_message": "[{\"changed\": {\"fields\": [\"Category\"]}}]"}}, {"model": "admin.logentry", "pk": 27, "fields": {"action_time": "2021-04-30T18:03:12.842Z", "user": 1, "content_type": 13, "object_id": "4", "object_repr": "Pink Party Hat", "action_flag": 2, "change_message": "[{\"changed\": {\"fields\": [\"Category\"]}}]"}}, {"model": "admin.logentry", "pk": 28, "fields": {"action_time": "2021-04-30T18:03:17.513Z", "user": 1, "content_type": 13, "object_id": "3", "object_repr": "Yellow Beanie", "action_flag": 2, "change_message": "[{\"changed\": {\"fields\": [\"Category\"]}}]"}}, {"model": "admin.logentry", "pk": 29, "fields": {"action_time": "2021-04-30T18:03:24.806Z", "user": 1, "content_type": 13, "object_id": "2", "object_repr": "Red Beret", "action_flag": 2, "change_message": "[{\"changed\": {\"fields\": [\"Category\"]}}]"}}, {"model": "admin.logentry", "pk": 30, "fields": {"action_time": "2021-04-30T18:03:28.652Z", "user": 1, "content_type": 13, "object_id": "1", "object_repr": "White Sunglasses", "action_flag": 2, "change_message": "[]"}}, {"model": "admin.logentry", "pk": 31, "fields": {"action_time": "2021-04-30T18:03:53.325Z", "user": 1, "content_type": 14, "object_id": "9", "object_repr": "bandanas", "action_flag": 3, "change_message": ""}}, {"model": "admin.logentry", "pk": 32, "fields": {"action_time": "2021-04-30T18:04:00.576Z", "user": 1, "content_type": 14, "object_id": "8", "object_repr": "sunglasses", "action_flag": 3, "change_message": ""}}, {"model": "admin.logentry", "pk": 33, "fields": {"action_time": "2021-04-30T18:04:04.342Z", "user": 1, "content_type": 14, "object_id": "7", "object_repr": "hats", "action_flag": 3, "change_message": ""}}, {"model": "admin.logentry", "pk": 34, "fields": {"action_time": "2021-04-30T18:04:11.698Z", "user": 1, "content_type": 14, "object_id": "6", "object_repr": "hoodies", "action_flag": 3, "change_message": ""}}, {"model": "admin.logentry", "pk": 35, "fields": {"action_time": "2021-04-30T18:05:14.368Z", "user": 1, "content_type": 14, "object_id": "5", "object_repr": "bottoms", "action_flag": 3, "change_message": ""}}, {"model": "admin.logentry", "pk": 36, "fields": {"action_time": "2021-04-30T18:05:17.308Z", "user": 1, "content_type": 14, "object_id": "4", "object_repr": "tops", "action_flag": 3, "change_message": ""}}, {"model": "admin.logentry", "pk": 37, "fields": {"action_time": "2021-04-30T18:20:47.539Z", "user": 1, "content_type": 13, "object_id": "11", "object_repr": "Yellow Hoodie", "action_flag": 1, "change_message": "[{\"added\": {}}]"}}, {"model": "admin.logentry", "pk": 38, "fields": {"action_time": "2021-04-30T18:21:34.450Z", "user": 1, "content_type": 13, "object_id": "10", "object_repr": "Yellow Bandana", "action_flag": 2, "change_message": "[{\"changed\": {\"fields\": [\"Image\"]}}]"}}, {"model": "admin.logentry", "pk": 39, "fields": {"action_time": "2021-04-30T18:22:31.176Z", "user": 1, "content_type": 13, "object_id": "9", "object_repr": "Pawprint and Bones Bandana", "action_flag": 2, "change_message": "[{\"changed\": {\"fields\": [\"Image\"]}}]"}}, {"model": "admin.logentry", "pk": 40, "fields": {"action_time": "2021-04-30T18:23:05.043Z", "user": 1, "content_type": 13, "object_id": "8", "object_repr": "Star Bandana", "action_flag": 2, "change_message": "[{\"changed\": {\"fields\": [\"Image\"]}}]"}}, {"model": "admin.logentry", "pk": 41, "fields": {"action_time": "2021-04-30T18:23:16.904Z", "user": 1, "content_type": 13, "object_id": "7", "object_repr": "Reindeer Antlers", "action_flag": 2, "change_message": "[{\"changed\": {\"fields\": [\"Image\"]}}]"}}, {"model": "admin.logentry", "pk": 42, "fields": {"action_time": "2021-04-30T18:23:28.968Z", "user": 1, "content_type": 13, "object_id": "6", "object_repr": "Elf Hat", "action_flag": 2, "change_message": "[{\"changed\": {\"fields\": [\"Image\"]}}]"}}, {"model": "admin.logentry", "pk": 43, "fields": {"action_time": "2021-04-30T18:23:39.813Z", "user": 1, "content_type": 13, "object_id": "5", "object_repr": "Christmas Hat", "action_flag": 2, "change_message": "[{\"changed\": {\"fields\": [\"Image\"]}}]"}}, {"model": "admin.logentry", "pk": 44, "fields": {"action_time": "2021-04-30T18:23:54.553Z", "user": 1, "content_type": 13, "object_id": "4", "object_repr": "Pink Party Hat", "action_flag": 2, "change_message": "[{\"changed\": {\"fields\": [\"Image\"]}}]"}}, {"model": "admin.logentry", "pk": 45, "fields": {"action_time": "2021-04-30T18:24:06.251Z", "user": 1, "content_type": 13, "object_id": "3", "object_repr": "Yellow Beanie", "action_flag": 2, "change_message": "[{\"changed\": {\"fields\": [\"Image\"]}}]"}}, {"model": "admin.logentry", "pk": 46, "fields": {"action_time": "2021-04-30T18:24:14.227Z", "user": 1, "content_type": 13, "object_id": "2", "object_repr": "Red Beret", "action_flag": 2, "change_message": "[{\"changed\": {\"fields\": [\"Image\"]}}]"}}, {"model": "admin.logentry", "pk": 47, "fields": {"action_time": "2021-04-30T18:24:22.641Z", "user": 1, "content_type": 13, "object_id": "1", "object_repr": "White Sunglasses", "action_flag": 2, "change_message": "[{\"changed\": {\"fields\": [\"Image\"]}}]"}}, {"model": "admin.logentry", "pk": 48, "fields": {"action_time": "2021-04-30T21:49:15.562Z", "user": 1, "content_type": 13, "object_id": "11", "object_repr": "Yellow Hoodie", "action_flag": 2, "change_message": "[{\"changed\": {\"fields\": [\"Sku\"]}}]"}}, {"model": "admin.logentry", "pk": 49, "fields": {"action_time": "2021-04-30T21:49:29.432Z", "user": 1, "content_type": 13, "object_id": "10", "object_repr": "Yellow Bandana", "action_flag": 2, "change_message": "[{\"changed\": {\"fields\": [\"Sku\"]}}]"}}, {"model": "admin.logentry", "pk": 50, "fields": {"action_time": "2021-04-30T21:49:37.061Z", "user": 1, "content_type": 13, "object_id": "9", "object_repr": "Pawprint and Bones Bandana", "action_flag": 2, "change_message": "[{\"changed\": {\"fields\": [\"Sku\"]}}]"}}, {"model": "admin.logentry", "pk": 51, "fields": {"action_time": "2021-04-30T21:49:43.108Z", "user": 1, "content_type": 13, "object_id": "8", "object_repr": "Star Bandana", "action_flag": 2, "change_message": "[{\"changed\": {\"fields\": [\"Sku\"]}}]"}}, {"model": "admin.logentry", "pk": 52, "fields": {"action_time": "2021-04-30T21:49:49.435Z", "user": 1, "content_type": 13, "object_id": "7", "object_repr": "Reindeer Antlers", "action_flag": 2, "change_message": "[{\"changed\": {\"fields\": [\"Sku\"]}}]"}}, {"model": "admin.logentry", "pk": 53, "fields": {"action_time": "2021-04-30T21:49:55.057Z", "user": 1, "content_type": 13, "object_id": "6", "object_repr": "Elf Hat", "action_flag": 2, "change_message": "[{\"changed\": {\"fields\": [\"Sku\"]}}]"}}, {"model": "admin.logentry", "pk": 54, "fields": {"action_time": "2021-04-30T21:50:00.511Z", "user": 1, "content_type": 13, "object_id": "5", "object_repr": "Christmas Hat", "action_flag": 2, "change_message": "[{\"changed\": {\"fields\": [\"Sku\"]}}]"}}, {"model": "admin.logentry", "pk": 55, "fields": {"action_time": "2021-04-30T21:50:05.997Z", "user": 1, "content_type": 13, "object_id": "4", "object_repr": "Pink Party Hat", "action_flag": 2, "change_message": "[{\"changed\": {\"fields\": [\"Sku\"]}}]"}}, {"model": "admin.logentry", "pk": 56, "fields": {"action_time": "2021-04-30T21:50:08.775Z", "user": 1, "content_type": 13, "object_id": "3", "object_repr": "Yellow Beanie", "action_flag": 2, "change_message": "[]"}}, {"model": "admin.logentry", "pk": 57, "fields": {"action_time": "2021-04-30T21:50:14.034Z", "user": 1, "content_type": 13, "object_id": "3", "object_repr": "Yellow Beanie", "action_flag": 2, "change_message": "[{\"changed\": {\"fields\": [\"Sku\"]}}]"}}, {"model": "admin.logentry", "pk": 58, "fields": {"action_time": "2021-04-30T21:50:19.947Z", "user": 1, "content_type": 13, "object_id": "2", "object_repr": "Red Beret", "action_flag": 2, "change_message": "[{\"changed\": {\"fields\": [\"Sku\"]}}]"}}, {"model": "admin.logentry", "pk": 59, "fields": {"action_time": "2021-04-30T21:50:25.412Z", "user": 1, "content_type": 13, "object_id": "1", "object_repr": "White Sunglasses", "action_flag": 2, "change_message": "[{\"changed\": {\"fields\": [\"Sku\"]}}]"}}, {"model": "admin.logentry", "pk": 60, "fields": {"action_time": "2021-04-30T21:50:32.155Z", "user": 1, "content_type": 13, "object_id": "11", "object_repr": "Yellow Hoodie", "action_flag": 2, "change_message": "[{\"changed\": {\"fields\": [\"Sku\"]}}]"}}, {"model": "admin.logentry", "pk": 61, "fields": {"action_time": "2021-04-30T21:50:37.769Z", "user": 1, "content_type": 13, "object_id": "10", "object_repr": "Yellow Bandana", "action_flag": 2, "change_message": "[{\"changed\": {\"fields\": [\"Sku\"]}}]"}}, {"model": "admin.logentry", "pk": 62, "fields": {"action_time": "2021-04-30T21:50:44.664Z", "user": 1, "content_type": 13, "object_id": "9", "object_repr": "Pawprint and Bones Bandana", "action_flag": 2, "change_message": "[{\"changed\": {\"fields\": [\"Sku\"]}}]"}}, {"model": "admin.logentry", "pk": 63, "fields": {"action_time": "2021-04-30T21:50:51.033Z", "user": 1, "content_type": 13, "object_id": "8", "object_repr": "Star Bandana", "action_flag": 2, "change_message": "[{\"changed\": {\"fields\": [\"Sku\"]}}]"}}, {"model": "admin.logentry", "pk": 64, "fields": {"action_time": "2021-04-30T21:50:57.729Z", "user": 1, "content_type": 13, "object_id": "7", "object_repr": "Reindeer Antlers", "action_flag": 2, "change_message": "[{\"changed\": {\"fields\": [\"Sku\"]}}]"}}, {"model": "admin.logentry", "pk": 65, "fields": {"action_time": "2021-04-30T21:51:04.045Z", "user": 1, "content_type": 13, "object_id": "6", "object_repr": "Elf Hat", "action_flag": 2, "change_message": "[{\"changed\": {\"fields\": [\"Sku\"]}}]"}}, {"model": "admin.logentry", "pk": 66, "fields": {"action_time": "2021-04-30T21:51:10.189Z", "user": 1, "content_type": 13, "object_id": "5", "object_repr": "Christmas Hat", "action_flag": 2, "change_message": "[{\"changed\": {\"fields\": [\"Sku\"]}}]"}}, {"model": "admin.logentry", "pk": 67, "fields": {"action_time": "2021-04-30T21:51:15.656Z", "user": 1, "content_type": 13, "object_id": "4", "object_repr": "Pink Party Hat", "action_flag": 2, "change_message": "[{\"changed\": {\"fields\": [\"Sku\"]}}]"}}, {"model": "admin.logentry", "pk": 68, "fields": {"action_time": "2021-04-30T21:51:21.248Z", "user": 1, "content_type": 13, "object_id": "3", "object_repr": "Yellow Beanie", "action_flag": 2, "change_message": "[{\"changed\": {\"fields\": [\"Sku\"]}}]"}}, {"model": "admin.logentry", "pk": 69, "fields": {"action_time": "2021-05-03T11:45:07.813Z", "user": 1, "content_type": 13, "object_id": "12", "object_repr": "Colourful rubber knot", "action_flag": 1, "change_message": "[{\"added\": {}}]"}}, {"model": "admin.logentry", "pk": 70, "fields": {"action_time": "2021-05-03T11:45:33.810Z", "user": 1, "content_type": 13, "object_id": "12", "object_repr": "Colourful Rubber Knot", "action_flag": 2, "change_message": "[{\"changed\": {\"fields\": [\"Name\"]}}]"}}, {"model": "admin.logentry", "pk": 71, "fields": {"action_time": "2021-05-04T20:44:52.121Z", "user": 1, "content_type": 14, "object_id": "10", "object_repr": "Tops", "action_flag": 1, "change_message": "[{\"added\": {}}]"}}, {"model": "admin.logentry", "pk": 72, "fields": {"action_time": "2021-05-04T20:45:06.371Z", "user": 1, "content_type": 14, "object_id": "11", "object_repr": "Bottoms", "action_flag": 1, "change_message": "[{\"added\": {}}]"}}, {"model": "admin.logentry", "pk": 73, "fields": {"action_time": "2021-05-04T20:48:58.026Z", "user": 1, "content_type": 14, "object_id": "11", "object_repr": "Bottoms", "action_flag": 3, "change_message": ""}}, {"model": "admin.logentry", "pk": 74, "fields": {"action_time": "2021-05-04T20:49:04.741Z", "user": 1, "content_type": 14, "object_id": "10", "object_repr": "Tops", "action_flag": 3, "change_message": ""}}, {"model": "admin.logentry", "pk": 75, "fields": {"action_time": "2021-05-04T20:49:20.719Z", "user": 1, "content_type": 14, "object_id": "12", "object_repr": "bottoms", "action_flag": 1, "change_message": "[{\"added\": {}}]"}}, {"model": "admin.logentry", "pk": 76, "fields": {"action_time": "2021-05-04T20:49:29.460Z", "user": 1, "content_type": 14, "object_id": "13", "object_repr": "tops", "action_flag": 1, "change_message": "[{\"added\": {}}]"}}, {"model": "admin.logentry", "pk": 77, "fields": {"action_time": "2021-05-04T20:49:42.334Z", "user": 1, "content_type": 14, "object_id": "14", "object_repr": "hats", "action_flag": 1, "change_message": "[{\"added\": {}}]"}}, {"model": "admin.logentry", "pk": 78, "fields": {"action_time": "2021-05-04T20:50:04.911Z", "user": 1, "content_type": 14, "object_id": "15", "object_repr": "bandanas", "action_flag": 1, "change_message": "[{\"added\": {}}]"}}, {"model": "admin.logentry", "pk": 79, "fields": {"action_time": "2021-05-04T20:50:16.841Z", "user": 1, "content_type": 14, "object_id": "16", "object_repr": "sunglasses", "action_flag": 1, "change_message": "[{\"added\": {}}]"}}, {"model": "admin.logentry", "pk": 80, "fields": {"action_time": "2021-05-04T20:50:29.503Z", "user": 1, "content_type": 14, "object_id": "17", "object_repr": "frocks", "action_flag": 1, "change_message": "[{\"added\": {}}]"}}, {"model": "admin.logentry", "pk": 81, "fields": {"action_time": "2021-05-04T20:51:15.785Z", "user": 1, "content_type": 14, "object_id": "18", "object_repr": "hoodies", "action_flag": 1, "change_message": "[{\"added\": {}}]"}}, {"model": "admin.logentry", "pk": 82, "fields": {"action_time": "2021-05-04T20:51:37.276Z", "user": 1, "content_type": 13, "object_id": "11", "object_repr": "Yellow Hoodie", "action_flag": 2, "change_message": "[{\"changed\": {\"fields\": [\"Category\"]}}]"}}, {"model": "admin.logentry", "pk": 83, "fields": {"action_time": "2021-05-04T20:51:46.655Z", "user": 1, "content_type": 13, "object_id": "10", "object_repr": "Yellow Bandana", "action_flag": 2, "change_message": "[{\"changed\": {\"fields\": [\"Category\"]}}]"}}, {"model": "admin.logentry", "pk": 84, "fields": {"action_time": "2021-05-04T20:51:56.790Z", "user": 1, "content_type": 13, "object_id": "8", "object_repr": "Star Bandana", "action_flag": 2, "change_message": "[{\"changed\": {\"fields\": [\"Category\"]}}]"}}, {"model": "admin.logentry", "pk": 85, "fields": {"action_time": "2021-05-04T20:52:00.695Z", "user": 1, "content_type": 13, "object_id": "8", "object_repr": "Star Bandana", "action_flag": 2, "change_message": "[]"}}, {"model": "admin.logentry", "pk": 86, "fields": {"action_time": "2021-05-04T20:52:11.514Z", "user": 1, "content_type": 13, "object_id": "6", "object_repr": "Elf Hat", "action_flag": 2, "change_message": "[{\"changed\": {\"fields\": [\"Category\"]}}]"}}, {"model": "admin.logentry", "pk": 87, "fields": {"action_time": "2021-05-04T20:52:32.874Z", "user": 1, "content_type": 13, "object_id": "9", "object_repr": "Pawprint and Bones Bandana", "action_flag": 2, "change_message": "[{\"changed\": {\"fields\": [\"Category\"]}}]"}}, {"model": "admin.logentry", "pk": 88, "fields": {"action_time": "2021-05-04T20:52:46.183Z", "user": 1, "content_type": 13, "object_id": "5", "object_repr": "Christmas Hat", "action_flag": 2, "change_message": "[{\"changed\": {\"fields\": [\"Category\"]}}]"}}, {"model": "admin.logentry", "pk": 89, "fields": {"action_time": "2021-05-04T20:52:52.607Z", "user": 1, "content_type": 13, "object_id": "4", "object_repr": "Pink Party Hat", "action_flag": 2, "change_message": "[{\"changed\": {\"fields\": [\"Category\"]}}]"}}, {"model": "admin.logentry", "pk": 90, "fields": {"action_time": "2021-05-04T20:53:03.377Z", "user": 1, "content_type": 13, "object_id": "3", "object_repr": "Yellow Beanie", "action_flag": 2, "change_message": "[{\"changed\": {\"fields\": [\"Category\"]}}]"}}, {"model": "admin.logentry", "pk": 91, "fields": {"action_time": "2021-05-04T20:53:09.700Z", "user": 1, "content_type": 13, "object_id": "2", "object_repr": "Red Beret", "action_flag": 2, "change_message": "[{\"changed\": {\"fields\": [\"Category\"]}}]"}}, {"model": "admin.logentry", "pk": 92, "fields": {"action_time": "2021-05-04T20:53:16.041Z", "user": 1, "content_type": 13, "object_id": "1", "object_repr": "White Sunglasses", "action_flag": 2, "change_message": "[{\"changed\": {\"fields\": [\"Category\"]}}]"}}, {"model": "admin.logentry", "pk": 93, "fields": {"action_time": "2021-05-04T20:55:02.866Z", "user": 1, "content_type": 14, "object_id": "19", "object_repr": "solid_toys", "action_flag": 1, "change_message": "[{\"added\": {}}]"}}, {"model": "admin.logentry", "pk": 94, "fields": {"action_time": "2021-05-04T20:55:11.348Z", "user": 1, "content_type": 14, "object_id": "20", "object_repr": "soft_toys", "action_flag": 1, "change_message": "[{\"added\": {}}]"}}, {"model": "admin.logentry", "pk": 95, "fields": {"action_time": "2021-05-04T20:56:11.992Z", "user": 1, "content_type": 14, "object_id": "21", "object_repr": "special_deals", "action_flag": 1, "change_message": "[{\"added\": {}}]"}}, {"model": "admin.logentry", "pk": 96, "fields": {"action_time": "2021-05-04T21:55:43.956Z", "user": 1, "content_type": 13, "object_id": "12", "object_repr": "Colourful Rubber Knot", "action_flag": 2, "change_message": "[{\"changed\": {\"fields\": [\"Category\"]}}]"}}, {"model": "admin.logentry", "pk": 97, "fields": {"action_time": "2021-05-04T21:55:45.969Z", "user": 1, "content_type": 13, "object_id": "12", "object_repr": "Colourful Rubber Knot", "action_flag": 2, "change_message": "[]"}}, {"model": "admin.logentry", "pk": 98, "fields": {"action_time": "2021-05-04T21:59:00.798Z", "user": 1, "content_type": 13, "object_id": "13", "object_repr": "Frilly skirt", "action_flag": 1, "change_message": "[{\"added\": {}}]"}}, {"model": "admin.logentry", "pk": 99, "fields": {"action_time": "2021-05-04T22:00:04.467Z", "user": 1, "content_type": 13, "object_id": "14", "object_repr": "Denim Dungarees", "action_flag": 1, "change_message": "[{\"added\": {}}]"}}, {"model": "admin.logentry", "pk": 100, "fields": {"action_time": "2021-05-04T22:01:58.890Z", "user": 1, "content_type": 13, "object_id": "15", "object_repr": "Green & Red Onesie", "action_flag": 1, "change_message": "[{\"added\": {}}]"}}, {"model": "admin.logentry", "pk": 101, "fields": {"action_time": "2021-05-04T22:05:01.444Z", "user": 1, "content_type": 13, "object_id": "16", "object_repr": "Denim jeans", "action_flag": 1, "change_message": "[{\"added\": {}}]"}}, {"model": "admin.logentry", "pk": 102, "fields": {"action_time": "2021-05-04T22:06:52.251Z", "user": 1, "content_type": 13, "object_id": "17", "object_repr": "Red Dress", "action_flag": 1, "change_message": "[{\"added\": {}}]"}}, {"model": "admin.logentry", "pk": 103, "fields": {"action_time": "2021-05-04T22:09:26.079Z", "user": 1, "content_type": 13, "object_id": "18", "object_repr": "Soft Toy Trio", "action_flag": 1, "change_message": "[{\"added\": {}}]"}}, {"model": "admin.logentry", "pk": 104, "fields": {"action_time": "2021-05-04T22:12:13.434Z", "user": 1, "content_type": 14, "object_id": "22", "object_repr": "sale", "action_flag": 1, "change_message": "[{\"added\": {}}]"}}, {"model": "admin.logentry", "pk": 105, "fields": {"action_time": "2021-06-26T20:06:08.680Z", "user": 1, "content_type": 15, "object_id": "1", "object_repr": "E59599E2264C4AEABEF91631F55E4FA8", "action_flag": 2, "change_message": "[{\"changed\": {\"name\": \"order line item\", \"object\": \"SKU 11 on order E59599E2264C4AEABEF91631F55E4FA8\", \"fields\": [\"Quantity\"]}}]"}}, {"model": "admin.logentry", "pk": 106, "fields": {"action_time": "2021-07-02T18:38:15.400Z", "user": 1, "content_type": 13, "object_id": "20", "object_repr": "test2", "action_flag": 3, "change_message": ""}}, {"model": "admin.logentry", "pk": 107, "fields": {"action_time": "2021-07-02T18:38:15.441Z", "user": 1, "content_type": 13, "object_id": "19", "object_repr": "test", "action_flag": 3, "change_message": ""}}, {"model": "auth.user", "pk": 1, "fields": {"password": "pbkdf2_sha256$216000$8PryCLoNrCHU$YuZ0wpLLqtNDj076sobsaKkapc0gIGX+fWCBhrLCFX0=", "last_login": "2021-07-02T18:35:43.034Z", "is_superuser": true, "username": "supersara", "first_name": "", "last_name": "", "email": "saragiro@yahoo.ie", "is_staff": true, "is_active": true, "date_joined": "2021-03-26T11:43:17.978Z", "groups": [], "user_permissions": []}}, {"model": "auth.user", "pk": 2, "fields": {"password": "pbkdf2_sha256$216000$FV9eO4XoELnR$9/W0E0BpCo2G+rliunV1GSlZJ2ljmqBILbYTB/9kaA8=", "last_login": "2021-06-28T22:17:51.638Z", "is_superuser": false, "username": "moimoi", "first_name": "", "last_name": "", "email": "moi@me.com", "is_staff": false, "is_active": true, "date_joined": "2021-06-28T11:00:24.061Z", "groups": [], "user_permissions": []}}, {"model": "sessions.session", "pk": "2rkk9aji6oe74kvq1lx1ejf7ndxyh6wp", "fields": {"session_data": ".eJxVjEEOwiAQAP_C2RCgFMGjd99AdtnVogZMaRON8e-GpAe9zkzmLSKsyxTXxnPMJA5Ci90vQ0g3Ll3QFcqlylTLMmeUPZGbbfJUie_Hrf0bTNCmvh29VTgoRkrOJ2uIRxrO457RQAJrLA-BETWRszpAcOQReEjBgbcAfdq4tVxL5Ocjzy9x0EYFp9TnCzt1QVY:1m07xG:cZkH1jdetnoMjdh-OQA2fyjZjxcyi9zwFoNfveYE25c", "expire_date": "2021-07-18T19:39:02.590Z"}}, {"model": "sessions.session", "pk": "3z7cmr0t1smkoax76zm33xhx1j4c6yag", "fields": {"session_data": ".eJyrVkpKTFeyqlYyNAORmSWpucXxSZXxxZlVqSCBYiUrQx2lihwgVVuro2RoAeYbYVWbC1ZUWwsAS3oaYw:1lhu3i:kPXFMO3TGh32pleAtjxTGG20j_7APqLKn-fCM6wy1wQ", "expire_date": "2021-05-29T13:10:22.589Z"}}, {"model": "sessions.session", "pk": "44jg2vnrax5kpmzidlowv8mhga8nmxd7", "fields": {"session_data": ".eJxVjMsOwiAQAP-FsyHlKXj03m8gu-wqVQNJaU_GfzckPeh1ZjJvkWDfSto7r2khcRFKnH4ZQn5yHYIeUO9N5la3dUE5EnnYLudG_Loe7d-gQC9j64Kd0EyMlH3IVhM7Mjd3ZtSQwWrLJjKiIvJWRYieAgKbHD0ECyA-X_ugOOc:1lQagP:gMgJfgVyXQOUR_zAydvgGusNiVGlL3-hmRjHVrNIQPI", "expire_date": "2021-04-11T19:02:45.866Z"}}, {"model": "sessions.session", "pk": "6ge4pfwtyzuzucfpaa8vhq6mt556r14u", "fields": {"session_data": ".eJxljMFOwzAQRP9lz1Hk2E5DcuTON1jr3TUxBBvZcQVC_HubqqqEOMxl3pv5ASTKLe3uLCWGKOzkA-MGS2rb1j1oq1JgAQ0dOGz7eitc5P-dR3qXdAB-w_Sae8ppL9H3h9Lfae1fMsv2fHf_HKxY1-vajxpJeTZKz0EJD4FtMD48EVuDli3LNJKaSa6hkzd60tqgsX4YZz8Nx2mVWmNOTr4-Y_mGRXVQ8SwuppBh2UuT3wtL61dp:1lxzMT:uszXPUKuRqOzz7qQh2xsMk0jkKPmlYDP6blxqpgCs5s", "expire_date": "2021-07-12T22:04:13.809Z"}}, {"model": "sessions.session", "pk": "72nm8cyeo9r21eunrb2ti6ivk3je4ws0", "fields": {"session_data": ".eJxVjMsOwiAQAP-FsyHlKXj03m8gu-wqVQNJaU_GfzckPeh1ZjJvkWDfSto7r2khcRFKnH4ZQn5yHYIeUO9N5la3dUE5EnnYLudG_Loe7d-gQC9j64Kd0EyMlH3IVhM7Mjd3ZtSQwWrLJjKiIvJWRYieAgKbHD0ECyA-X_ugOOc:1lVh6d:BwtXCI48SNyqqfJz_RBnYiHN0B-kGj5NfkWmJ1IyBwA", "expire_date": "2021-04-25T20:54:55.673Z"}}, {"model": "sessions.session", "pk": "driuqlsedsj4xn89yg0rauubrvcu87bv", "fields": {"session_data": "e30:1lxosE:Glp1uDR4hRlRXDvwKJljSQj0E29osndPFUnViOZ7SVY", "expire_date": "2021-07-12T10:52:18.629Z"}}, {"model": "sessions.session", "pk": "iyhsf0twk5ko8sjbwwalu5ln1tz1xk0u", "fields": {"session_data": "e30:1lxorx:JR6BWysVnSOYAFPVHL7b2ysTKzCpJqtqGb6S0TwB4wk", "expire_date": "2021-07-12T10:52:01.521Z"}}, {"model": "sessions.session", "pk": "rgrzc6yzbq7pita3f6cwnoi3ahbpfg6s", "fields": {"session_data": "eyJiYWciOnsiMTEiOnsiaXRlbXNfYnlfc2l6ZSI6eyJtIjoyfX19fQ:1losDC:0IfboVLFY1XEYoB8AdBtv_OxHvnolQ6ITAQ5oSOpg_w", "expire_date": "2021-06-17T18:36:58.045Z"}}, {"model": "sessions.session", "pk": "v888rk346nkgognnrr5tyai1g6cler2l", "fields": {"session_data": ".eJxVjDsOwjAQRO_iOor8S4JT0nMGy-tdEwOykZ0gEOLuJFIKKKaZefPezLplnuxSqdiIbGSSNb8dOH-ltA14cemcW5_TXCK0G9Lua21PGel23Nk_weTqtL6hk85zQMWlCZxQBNRBQTh41Mpp1EhD57nxtMb3oOQgpXJKg-gMDGKTVqo15mTpeY_lxUYhuek5b1h1D7IxhczGuSz0-QLDaUcK:1lyIVa:S-nscylInUXt6y3N0frk3BFdfQfdUhc3t2wPFxk7iG4", "expire_date": "2021-07-13T18:30:54.869Z"}}, {"model": "sessions.session", "pk": "yzi1tdibxfnjp0e19jrjz3r52k00cv67", "fields": {"session_data": ".eJxVjDsOgzAQRO-yNbKwMY7tMn3OgHa9GyCJQOJTIe4ek1AkzYzmo7dBg-vSNessU9MzRNBQ_HaE6SnDMfADh3ZUaRyWqSd1XNS5zuo2sryu5_cP0OHcHdja25KqUoiT88kalpqre30RMpjQGitVECLN7KwOGBx7QqlScOgtYoYSthA3MBB9kXkQdTYP0WT7aPhWOeh9fwNQGkJ_:1lhey7:-Yuja-lCYUgk-H0yJGWp2RSZ1GLKhx-wFJleAm4RMvg", "expire_date": "2021-05-28T21:03:35.781Z"}}, {"model": "sessions.session", "pk": "zjvin70hsnj7n2oqxvttbuohzud9bf3v", "fields": {"session_data": ".eJxVjMsOwiAQAP-FsyHlKXj03m8gu-wqVQNJaU_GfzckPeh1ZjJvkWDfSto7r2khcRFKnH4ZQn5yHYIeUO9N5la3dUE5EnnYLudG_Loe7d-gQC9j64Kd0EyMlH3IVhM7Mjd3ZtSQwWrLJjKiIvJWRYieAgKbHD0ECyA-X_ugOOc:1lbmTc:QbeJzfOEMAFONMF5fpsU8e9Qv35o2T-VmDjOSF4o86Q", "expire_date": "2021-05-12T15:51:48.857Z"}}, {"model": "sites.site", "pk": 1, "fields": {"domain": "k9kit.example.com", "name": "K9Kit"}}, {"model": "account.emailaddress", "pk": 1, "fields": {"user": 1, "email": "saragiro@yahoo.ie", "verified": false, "primary": false}}, {"model": "account.emailaddress", "pk": 2, "fields": {"user": 1, "email": "pedorri@yahoo.co.uk", "verified": true, "primary": true}}, {"model": "account.emailaddress", "pk": 3, "fields": {"user": 2, "email": "moi@me.com", "verified": true, "primary": true}}, {"model": "products.category", "pk": 1, "fields": {"name": "toys", "friendly_name": "Toys"}}, {"model": "products.category", "pk": 2, "fields": {"name": "clothing", "friendly_name": "Clothing"}}, {"model": "products.category", "pk": 3, "fields": {"name": "accessories", "friendly_name": "Accessories"}}, {"model": "products.category", "pk": 12, "fields": {"name": "bottoms", "friendly_name": "Bottoms"}}, {"model": "products.category", "pk": 13, "fields": {"name": "tops", "friendly_name": "Tops"}}, {"model": "products.category", "pk": 14, "fields": {"name": "hats", "friendly_name": "Hats"}}, {"model": "products.category", "pk": 15, "fields": {"name": "bandanas", "friendly_name": "Bandanas"}}, {"model": "products.category", "pk": 16, "fields": {"name": "sunglasses", "friendly_name": "Sunglasses"}}, {"model": "products.category", "pk": 17, "fields": {"name": "frocks", "friendly_name": "Frocks"}}, {"model": "products.category", "pk": 18, "fields": {"name": "hoodies", "friendly_name": "Hoodies"}}, {"model": "products.category", "pk": 19, "fields": {"name": "solid_toys", "friendly_name": "Solid Toys"}}, {"model": "products.category", "pk": 20, "fields": {"name": "soft_toys", "friendly_name": "Soft Toys"}}, {"model": "products.category", "pk": 21, "fields": {"name": "special_deals", "friendly_name": "Special Deals"}}, {"model": "products.category", "pk": 22, "fields": {"name": "sale", "friendly_name": "Sale"}}, {"model": "products.product", "pk": 1, "fields": {"category": 16, "sku": "11", "name": "White Sunglasses", "description": "Funky sunglasses in a flattering and classic white colour to bring out all the classy dogs out there. Your pooch can rock them on those sunny days or when you all go on holiday!", "has_sizes": false, "price": "8.99", "rating": "4.00", "image_url": null, "image": "acc-1_V8wvUnV.jpg"}}, {"model": "products.product", "pk": 2, "fields": {"category": 14, "sku": "10", "name": "Red Beret", "description": "Let your dog express their colourful side with this knitted red beret.", "has_sizes": true, "price": "16.99", "rating": "5.00", "image_url": null, "image": "acc-2_D2gBKW3.jpg"}}, {"model": "products.product", "pk": 3, "fields": {"category": 14, "sku": "09", "name": "Yellow Beanie", "description": "It will feel like the sun has come out when your furry one wears this lovely knitted yellow beanie. It even has a pom pom on top!", "has_sizes": true, "price": "12.55", "rating": null, "image_url": null, "image": "acc-3_QAXV55f.jpg"}}, {"model": "products.product", "pk": 4, "fields": {"category": 14, "sku": "08", "name": "Pink Party Hat", "description": "When your girl doggie wants to be a princess...the pink party hat with decorative band will do just that. Bright and special.", "has_sizes": true, "price": "18.99", "rating": "5.00", "image_url": null, "image": "acc-4_HGopuQy.jpg"}}, {"model": "products.product", "pk": 5, "fields": {"category": 14, "sku": "07", "name": "Christmas Hat", "description": "Merry Christmas! When your dog wants to join in with the festive spirit. This is a traditional red and white Christmas hat for your dog. One size fits all.", "has_sizes": true, "price": "12.99", "rating": "3.00", "image_url": null, "image": "acc-5_PbXvSQf.jpg"}}, {"model": "products.product", "pk": 6, "fields": {"category": 14, "sku": "06", "name": "Elf Hat", "description": "Make your dog feel festive with this cute elf hat! Green background with red plait, with a pair of ears to finish it off.", "has_sizes": true, "price": "18.99", "rating": "5.00", "image_url": null, "image": "acc-6_QKmW6DT.jpg"}}, {"model": "products.product", "pk": 7, "fields": {"category": 3, "sku": "05", "name": "Reindeer Antlers", "description": "Carrying on with the Christmas theme, this is a pair of reindeer antlers in brown. Just pop it over your dog's head like a hairband and they will be transformed.", "has_sizes": true, "price": "12.99", "rating": "5.00", "image_url": null, "image": "acc-7_goHlQa5.jpg"}}, {"model": "products.product", "pk": 8, "fields": {"category": 15, "sku": "04", "name": "Star Bandana", "description": "All cool dogs like a bandana! Get your dog to stand out with this cotton bandana in blue background with white stars.", "has_sizes": true, "price": "7.99", "rating": "3.00", "image_url": null, "image": "acc-9_0dC2eef.jpg"}}, {"model": "products.product", "pk": 9, "fields": {"category": 15, "sku": "03", "name": "Pawprint and Bones Bandana", "description": "For special occasions, nothing looks better than this light blue bandana with cute colourful pawprints and bones in bright colours.", "has_sizes": true, "price": "11.99", "rating": "4.00", "image_url": null, "image": "acc-10_G7NHdss.jpg"}}, {"model": "products.product", "pk": 10, "fields": {"category": 15, "sku": "02", "name": "Yellow Bandana", "description": "This bandana can be used on the neck or, just like our model does, as a hairband. Flattering yellow cotton with a flower design in red and white.", "has_sizes": true, "price": "17.99", "rating": "5.00", "image_url": null, "image": "acc-11_mq7rnUC.jpg"}}, {"model": "products.product", "pk": 11, "fields": {"category": 18, "sku": "01", "name": "Yellow Hoodie", "description": "Funky yellow hoodie for the cool doggos out there", "has_sizes": true, "price": "22.79", "rating": "3.00", "image_url": null, "image": "hood-1_u2CWXA2.jpg"}}, {"model": "products.product", "pk": 12, "fields": {"category": 19, "sku": "12", "name": "Colourful Rubber Knot", "description": "Does your puppy need to chew but can't find anything suitable? This rubber knot will do the trick. Endless chewing hours with no damage, and they can even play fetch with it since it rolls.", "has_sizes": false, "price": "8.99", "rating": "4.75", "image_url": null, "image": "toy-1_e3Ddyo2.jpg"}}, {"model": "products.product", "pk": 13, "fields": {"category": 17, "sku": "13", "name": "Frilly skirt", "description": "Is your dog a princess? She sure will feel like one with this cute skirt. It's frilly and has a nice classic check pattern.", "has_sizes": true, "price": "16.45", "rating": "3.80", "image_url": null, "image": "bottom-1_TuxVfm2.jpg"}}, {"model": "products.product", "pk": 14, "fields": {"category": 12, "sku": "14", "name": "Denim Dungarees", "description": "Your dog will rock these dungarees in classic blue denim.", "has_sizes": true, "price": "21.89", "rating": "4.50", "image_url": null, "image": "bottom-2_sawVuem.jpg"}}, {"model": "products.product", "pk": 15, "fields": {"category": 12, "sku": "15", "name": "Green & Red Onesie", "description": "Keep your dog warm with this cosy onesie, all in red with green accents on the sleeves. Just the festive touch that your dog needs!", "has_sizes": true, "price": "26.89", "rating": "5.00", "image_url": null, "image": "bottom-3_Va1hDJB.jpg"}}, {"model": "products.product", "pk": 16, "fields": {"category": 12, "sku": "16", "name": "Denim jeans", "description": "Get those doggie friends' tails wagging with pure jealousy when they see your dog rocking these amazing jeans! In denim with a contemporary cut and classic blue wash, these will become your go-to piece for sure.", "has_sizes": true, "price": "26.95", "rating": "5.00", "image_url": null, "image": "bottom-4_psL7n8q.jpg"}}, {"model": "products.product", "pk": 17, "fields": {"category": 17, "sku": "17", "name": "Red Dress", "description": "Mirror mirror on the wall, who's the prettiest of them all? The answer will be 'Your dog' once she wears this stunning red and white dress this summer! With frills and a little accent in pink, you will love dressing her in this.", "has_sizes": true, "price": "18.79", "rating": "4.20", "image_url": null, "image": "bottom-5_ECVXK1V.jpg"}}, {"model": "products.product", "pk": 18, "fields": {"category": 20, "sku": "18", "name": "Soft Toy Trio", "description": "Treat your best friend to this magnificent trio of soft, plush toys for hours of fun! You will receive one broccoli toy, one carrot toy and last but not least, one donut toy.  Hours of entertainment and fun for your little one!", "has_sizes": false, "price": "22.50", "rating": "4.90", "image_url": null, "image": "toy-6_Qy32t3Z.jpg"}}, {"model": "checkout.order", "pk": 1, "fields": {"order_number": "E59599E2264C4AEABEF91631F55E4FA8", "user_profile": null, "full_name": "me", "email": "me@me.com", "phone_number": "wewe", "country": "asdw", "postcode": "12345", "town_or_city": "wewewe", "street_address1": "wewewe", "street_address2": "wewewwe", "county": "wewe", "date": "2021-06-26T20:00:47.060Z", "delivery_cost": "4.98", "order_total": "49.76", "grand_total": "54.74", "original_bag": "", "stripe_pid": ""}}, {"model": "checkout.order", "pk": 2, "fields": {"order_number": "B148B4B7AB0E44D981EA09E204BF4D44", "user_profile": null, "full_name": "me", "email": "me@me.com", "phone_number": "1254", "country": "adadd", "postcode": "12345", "town_or_city": "asdddd", "street_address1": "sdads", "street_address2": "adfwe", "county": "sddfassd", "date": "2021-06-26T21:17:19.779Z", "delivery_cost": "4.82", "order_total": "48.23", "grand_total": "53.05", "original_bag": "", "stripe_pid": ""}}, {"model": "checkout.order", "pk": 3, "fields": {"order_number": "8F5A51532A99441F84823CBB44700722", "user_profile": null, "full_name": "me", "email": "me@me.com", "phone_number": "assss", "country": "asss", "postcode": "12345", "town_or_city": "ssssss", "street_address1": "ssssss", "street_address2": "aaaaa", "county": "aaaaa", "date": "2021-06-26T21:24:29.471Z", "delivery_cost": "4.82", "order_total": "48.23", "grand_total": "53.05", "original_bag": "", "stripe_pid": ""}}, {"model": "checkout.order", "pk": 4, "fields": {"order_number": "EB6484A43C014B7EA931EDCD8E0F13C6", "user_profile": null, "full_name": "me", "email": "me@me.com", "phone_number": "sssss", "country": "sssss", "postcode": "12345", "town_or_city": "ssssss", "street_address1": "sssss", "street_address2": "sssss", "county": "ssssss", "date": "2021-06-26T22:30:16.734Z", "delivery_cost": "0.00", "order_total": "72.63", "grand_total": "72.63", "original_bag": "", "stripe_pid": ""}}, {"model": "checkout.order", "pk": 5, "fields": {"order_number": "21AA6B2F591844CF97255512E49B3835", "user_profile": null, "full_name": "me", "email": "moi@moi.com", "phone_number": "ddd", "country": "GB", "postcode": "SM6 7GH", "town_or_city": "ddd", "street_address1": "dddd", "street_address2": "ddd", "county": "ddd", "date": "2021-06-27T16:20:35.008Z", "delivery_cost": "1.64", "order_total": "16.45", "grand_total": "18.10", "original_bag": "", "stripe_pid": ""}}, {"model": "checkout.order", "pk": 6, "fields": {"order_number": "193472428E0545D8A88AA7C4EA31E3AE", "user_profile": null, "full_name": "me", "email": "me@me.com", "phone_number": "ssssdd", "country": "GB", "postcode": "SM6 7GH", "town_or_city": "adgwr", "street_address1": "sdgasdfdwe", "street_address2": "asgaweaf", "county": "swere", "date": "2021-06-27T21:15:13.435Z", "delivery_cost": "3.08", "order_total": "30.78", "grand_total": "33.86", "original_bag": "{\"11\": {\"items_by_size\": {\"m\": 1}}, \"8\": {\"items_by_size\": {\"m\": 1}}}", "stripe_pid": "pi_1J75GmBxi5CkUTcXpAkMrhJg"}}, {"model": "checkout.order", "pk": 7, "fields": {"order_number": "9EEF8500D59A4D7395D9E1F4C5000B50", "user_profile": 2, "full_name": "Val Alderman", "email": "moi@moi.com", "phone_number": "1241245454", "country": "GB", "postcode": "123456", "town_or_city": "wallington", "street_address1": "4 C", "street_address2": null, "county": null, "date": "2021-06-28T17:24:28.307Z", "delivery_cost": "1.70", "order_total": "16.99", "grand_total": "18.69", "original_bag": "{\"2\": {\"items_by_size\": {\"m\": 1}}}", "stripe_pid": "pi_1J7OB9Bxi5CkUTcXBqEb9qrJ"}}, {"model": "checkout.order", "pk": 8, "fields": {"order_number": "820E7CAF07DE441A994983064B88031D", "user_profile": 2, "full_name": "moi", "email": "moi@me.com", "phone_number": "1241245454", "country": "GB", "postcode": "123456", "town_or_city": "london", "street_address1": "4 C", "street_address2": null, "county": null, "date": "2021-06-28T20:49:09.365Z", "delivery_cost": "0.90", "order_total": "8.99", "grand_total": "9.89", "original_bag": "{\"1\": 1}", "stripe_pid": "pi_1J7RNnBxi5CkUTcXefC9EHeZ"}}, {"model": "checkout.order", "pk": 9, "fields": {"order_number": "4DB4C532B8894DCBA8062A2289AB4D3F", "user_profile": 2, "full_name": "moi", "email": "moi@me.com", "phone_number": "1241245454", "country": "GB", "postcode": "123456", "town_or_city": "london", "street_address1": "4 C", "street_address2": null, "county": null, "date": "2021-06-28T21:53:47.732Z", "delivery_cost": "0.80", "order_total": "7.99", "grand_total": "8.79", "original_bag": "{\"8\": {\"items_by_size\": {\"m\": 1}}}", "stripe_pid": "pi_1J7SOPBxi5CkUTcX93Qo8fBY"}}, {"model": "checkout.order", "pk": 10, "fields": {"order_number": "C92982B5C2ED454DAD5FCADB02AD7939", "user_profile": 2, "full_name": "me", "email": "moi@me.com", "phone_number": "1241245454", "country": "GB", "postcode": "123456", "town_or_city": "london", "street_address1": "4 C", "street_address2": null, "county": null, "date": "2021-06-28T21:56:26.796Z", "delivery_cost": "2.25", "order_total": "22.50", "grand_total": "24.75", "original_bag": "{\"18\": 1}", "stripe_pid": "pi_1J7SR2Bxi5CkUTcX8NQ1ftfw"}}, {"model": "checkout.order", "pk": 11, "fields": {"order_number": "38BCC23F99D94DE3B7F1D8A1FA2D747B", "user_profile": 2, "full_name": "me", "email": "moi@me.com", "phone_number": "1241245454", "country": "GB", "postcode": "123456", "town_or_city": "london", "street_address1": "4 C", "street_address2": null, "county": null, "date": "2021-06-28T22:02:19.707Z", "delivery_cost": "2.70", "order_total": "26.95", "grand_total": "29.64", "original_bag": "{\"16\": {\"items_by_size\": {\"m\": 1}}}", "stripe_pid": "pi_1J7SWhBxi5CkUTcXauVo8Qyt"}}, {"model": "checkout.order", "pk": 12, "fields": {"order_number": "659CF9A128D74737B41BB92983848273", "user_profile": 2, "full_name": "me", "email": "moi@me.com", "phone_number": "1241245454", "country": "GB", "postcode": "123456", "town_or_city": "london", "street_address1": "4 C", "street_address2": null, "county": null, "date": "2021-06-28T22:04:13.524Z", "delivery_cost": "0.90", "order_total": "8.99", "grand_total": "9.89", "original_bag": "{\"12\": 1}", "stripe_pid": "pi_1J7SYTBxi5CkUTcXso2KKimW"}}, {"model": "checkout.order", "pk": 13, "fields": {"order_number": "89EFE842690D4920920EDB557C9AF2E3", "user_profile": 2, "full_name": "moi", "email": "moi@me.com", "phone_number": "1241245454", "country": "GB", "postcode": "123456", "town_or_city": "london", "street_address1": "4 C", "street_address2": null, "county": null, "date": "2021-06-28T22:18:36.089Z", "delivery_cost": "2.70", "order_total": "26.95", "grand_total": "29.64", "original_bag": "{\"16\": {\"items_by_size\": {\"m\": 1}}}", "stripe_pid": "pi_1J7SmUBxi5CkUTcXtJ6UA7Wi"}}, {"model": "checkout.order", "pk": 14, "fields": {"order_number": "B50BF0DBAD35480C9FF3464AA2A6B3E7", "user_profile": 2, "full_name": "moi", "email": "moi@me.com", "phone_number": "1241245454", "country": "GB", "postcode": "123456", "town_or_city": "london", "street_address1": "4 C", "street_address2": null, "county": null, "date": "2021-06-28T22:37:28.688Z", "delivery_cost": "1.88", "order_total": "18.79", "grand_total": "20.67", "original_bag": "{\"17\": {\"items_by_size\": {\"m\": 1}}}", "stripe_pid": "pi_1J7T4kBxi5CkUTcXIhoebuNU"}}, {"model": "checkout.order", "pk": 15, "fields": {"order_number": "DED8FB16F4C94AD4ACAD5F1397F9ED46", "user_profile": 2, "full_name": "me", "email": "moi@me.com", "phone_number": "1241245454", "country": "GB", "postcode": "123456", "town_or_city": "london", "street_address1": "4 C", "street_address2": null, "county": null, "date": "2021-06-28T22:40:37.195Z", "delivery_cost": "2.28", "order_total": "22.79", "grand_total": "25.07", "original_bag": "{\"11\": {\"items_by_size\": {\"m\": 1}}}", "stripe_pid": "pi_1J7T7nBxi5CkUTcXVZxdUsmZ"}}, {"model": "checkout.order", "pk": 16, "fields": {"order_number": "464360EA230A4F9BA640EBFA4FA6C3B3", "user_profile": 2, "full_name": "Me", "email": "moi@me.com", "phone_number": "1241245454", "country": "GB", "postcode": "123456", "town_or_city": "london", "street_address1": "4 C", "street_address2": null, "county": null, "date": "2021-06-29T08:43:53.216Z", "delivery_cost": "1.90", "order_total": "18.99", "grand_total": "20.89", "original_bag": "{\"4\": {\"items_by_size\": {\"m\": 1}}}", "stripe_pid": "pi_1J7cXXBxi5CkUTcXb5ifnpbU"}}, {"model": "checkout.order", "pk": 17, "fields": {"order_number": "401A2FD569CB4D35B306607740DA5DCB", "user_profile": 2, "full_name": "Me", "email": "moi@me.com", "phone_number": "1241245454", "country": "GB", "postcode": "123456", "town_or_city": "london", "street_address1": "4 C", "street_address2": null, "county": null, "date": "2021-06-29T08:53:58.014Z", "delivery_cost": "1.30", "order_total": "12.99", "grand_total": "14.29", "original_bag": "{\"7\": {\"items_by_size\": {\"m\": 1}}}", "stripe_pid": "pi_1J7chLBxi5CkUTcXQpA9TcIv"}}, {"model": "checkout.order", "pk": 18, "fields": {"order_number": "F73329CB86A94C2C85ED4658F52AB6EB", "user_profile": 2, "full_name": "me", "email": "moi@me.com", "phone_number": "1241245454", "country": "GB", "postcode": "123456", "town_or_city": "london", "street_address1": "4 C", "street_address2": null, "county": null, "date": "2021-06-29T12:08:51.661Z", "delivery_cost": "1.90", "order_total": "18.99", "grand_total": "20.89", "original_bag": "{\"6\": {\"items_by_size\": {\"m\": 1}}}", "stripe_pid": "pi_1J7fjoBxi5CkUTcX8usYFroB"}}, {"model": "checkout.order", "pk": 19, "fields": {"order_number": "E6BC555361844A5F972A8E66DD60CE00", "user_profile": 2, "full_name": "Me", "email": "moi@me.com", "phone_number": "1241245454", "country": "GB", "postcode": "123456", "town_or_city": "london", "street_address1": "4 C", "street_address2": null, "county": null, "date": "2021-06-29T15:24:22.137Z", "delivery_cost": "1.80", "order_total": "17.99", "grand_total": "19.79", "original_bag": "{\"10\": {\"items_by_size\": {\"m\": 1}}}", "stripe_pid": "pi_1J7inABxi5CkUTcXVZS9JMvY"}}, {"model": "checkout.order", "pk": 20, "fields": {"order_number": "6202C7BB10444F98B94C52F13B7BE59D", "user_profile": 2, "full_name": "me", "email": "moi@me.com", "phone_number": "1241245454", "country": "GB", "postcode": "123456", "town_or_city": "london", "street_address1": "4 C", "street_address2": null, "county": null, "date": "2021-06-29T17:07:35.848Z", "delivery_cost": "1.30", "order_total": "12.99", "grand_total": "14.29", "original_bag": "{\"7\": {\"items_by_size\": {\"m\": 1}}}", "stripe_pid": "pi_1J7kP1Bxi5CkUTcXRNIxOS9V"}}, {"model": "checkout.order", "pk": 21, "fields": {"order_number": "94F68D19CCFC49888E8D6ED32BC3F959", "user_profile": 2, "full_name": "me", "email": "moi@me.com", "phone_number": "1241245454", "country": "GB", "postcode": "123456", "town_or_city": "london", "street_address1": "4 C", "street_address2": null, "county": null, "date": "2021-06-29T18:30:54.574Z", "delivery_cost": "1.30", "order_total": "12.99", "grand_total": "14.29", "original_bag": "{\"5\": {\"items_by_size\": {\"m\": 1}}}", "stripe_pid": "pi_1J7lhgBxi5CkUTcX4eBDnqRS"}}, {"model": "checkout.orderlineitem", "pk": 1, "fields": {"order": 1, "product": 1, "product_size": null, "quantity": 3, "lineitem_total": "26.97"}}, {"model": "checkout.orderlineitem", "pk": 2, "fields": {"order": 1, "product": 11, "product_size": "m", "quantity": 1, "lineitem_total": "22.79"}}, {"model": "checkout.orderlineitem", "pk": 3, "fields": {"order": 2, "product": 12, "product_size": null, "quantity": 1, "lineitem_total": "8.99"}}, {"model": "checkout.orderlineitem", "pk": 4, "fields": {"order": 2, "product": 13, "product_size": "m", "quantity": 1, "lineitem_total": "16.45"}}, {"model": "checkout.orderlineitem", "pk": 5, "fields": {"order": 2, "product": 11, "product_size": "m", "quantity": 1, "lineitem_total": "22.79"}}, {"model": "checkout.orderlineitem", "pk": 6, "fields": {"order": 3, "product": 12, "product_size": null, "quantity": 1, "lineitem_total": "8.99"}}, {"model": "checkout.orderlineitem", "pk": 7, "fields": {"order": 3, "product": 13, "product_size": "m", "quantity": 1, "lineitem_total": "16.45"}}, {"model": "checkout.orderlineitem", "pk": 8, "fields": {"order": 3, "product": 11, "product_size": "m", "quantity": 1, "lineitem_total": "22.79"}}, {"model": "checkout.orderlineitem", "pk": 9, "fields": {"order": 4, "product": 16, "product_size": "m", "quantity": 1, "lineitem_total": "26.95"}}, {"model": "checkout.orderlineitem", "pk": 10, "fields": {"order": 4, "product": 17, "product_size": "m", "quantity": 1, "lineitem_total": "18.79"}}, {"model": "checkout.orderlineitem", "pk": 11, "fields": {"order": 4, "product": 15, "product_size": "m", "quantity": 1, "lineitem_total": "26.89"}}, {"model": "checkout.orderlineitem", "pk": 12, "fields": {"order": 5, "product": 13, "product_size": "m", "quantity": 1, "lineitem_total": "16.45"}}, {"model": "checkout.orderlineitem", "pk": 13, "fields": {"order": 6, "product": 11, "product_size": "m", "quantity": 1, "lineitem_total": "22.79"}}, {"model": "checkout.orderlineitem", "pk": 14, "fields": {"order": 6, "product": 8, "product_size": "m", "quantity": 1, "lineitem_total": "7.99"}}, {"model": "checkout.orderlineitem", "pk": 15, "fields": {"order": 7, "product": 2, "product_size": "m", "quantity": 1, "lineitem_total": "16.99"}}, {"model": "checkout.orderlineitem", "pk": 16, "fields": {"order": 8, "product": 1, "product_size": null, "quantity": 1, "lineitem_total": "8.99"}}, {"model": "checkout.orderlineitem", "pk": 17, "fields": {"order": 9, "product": 8, "product_size": "m", "quantity": 1, "lineitem_total": "7.99"}}, {"model": "checkout.orderlineitem", "pk": 18, "fields": {"order": 10, "product": 18, "product_size": null, "quantity": 1, "lineitem_total": "22.50"}}, {"model": "checkout.orderlineitem", "pk": 19, "fields": {"order": 11, "product": 16, "product_size": "m", "quantity": 1, "lineitem_total": "26.95"}}, {"model": "checkout.orderlineitem", "pk": 20, "fields": {"order": 12, "product": 12, "product_size": null, "quantity": 1, "lineitem_total": "8.99"}}, {"model": "checkout.orderlineitem", "pk": 21, "fields": {"order": 13, "product": 16, "product_size": "m", "quantity": 1, "lineitem_total": "26.95"}}, {"model": "checkout.orderlineitem", "pk": 22, "fields": {"order": 14, "product": 17, "product_size": "m", "quantity": 1, "lineitem_total": "18.79"}}, {"model": "checkout.orderlineitem", "pk": 23, "fields": {"order": 15, "product": 11, "product_size": "m", "quantity": 1, "lineitem_total": "22.79"}}, {"model": "checkout.orderlineitem", "pk": 24, "fields": {"order": 16, "product": 4, "product_size": "m", "quantity": 1, "lineitem_total": "18.99"}}, {"model": "checkout.orderlineitem", "pk": 25, "fields": {"order": 17, "product": 7, "product_size": "m", "quantity": 1, "lineitem_total": "12.99"}}, {"model": "checkout.orderlineitem", "pk": 26, "fields": {"order": 18, "product": 6, "product_size": "m", "quantity": 1, "lineitem_total": "18.99"}}, {"model": "checkout.orderlineitem", "pk": 27, "fields": {"order": 19, "product": 10, "product_size": "m", "quantity": 1, "lineitem_total": "17.99"}}, {"model": "checkout.orderlineitem", "pk": 28, "fields": {"order": 20, "product": 7, "product_size": "m", "quantity": 1, "lineitem_total": "12.99"}}, {"model": "checkout.orderlineitem", "pk": 29, "fields": {"order": 21, "product": 5, "product_size": "m", "quantity": 1, "lineitem_total": "12.99"}}, {"model": "profiles.userprofile", "pk": 1, "fields": {"user": 1, "default_phone_number": null, "default_street_address1": null, "default_street_address2": null, "default_town_or_city": null, "default_county": null, "default_postcode": null, "default_country": null}}, {"model": "profiles.userprofile", "pk": 2, "fields": {"user": 2, "default_phone_number": "1241245454", "default_street_address1": "4 C", "default_street_address2": null, "default_town_or_city": "london", "default_county": null, "default_postcode": "123456", "default_country": "GB"}}]